{
  "creds": {
    "noiseKey": {
      "private": {
        "type": "Buffer",
        "data": "cNgeEPX/o2E48c5m4EB58hRjIkxTfqwiLY66AQYnz18="
      },
      "public": {
        "type": "Buffer",
        "data": "NiwzF0lDPxpNE9vy9d6CvI77uhZDw4dkdmkpbjgjgjI="
      }
    },
    "signedIdentityKey": {
      "private": {
        "type": "Buffer",
        "data": "6P+iL9r0zFGErb3TNFZIae4RgSqcSDZjSa9jp3DaYWs="
      },
      "public": {
        "type": "Buffer",
        "data": "Oy16JA3E+VaUtBO6ixUvrHZcB/WE5NgBVRR/QdnCRBE="
      }
    },
    "signedPreKey": {
      "keyPair": {
        "private": {
          "type": "Buffer",
          "data": "kFQ8ACF/DO53vOIQuzVP707pmYzpJZJkxoPwVyQnEWg="
        },
        "public": {
          "type": "Buffer",
          "data": "YQY0PLMMefD8icQiSBNwEiGxBYLxlP7oDZtIJ88IYjI="
        }
      },
      "signature": {
        "type": "Buffer",
        "data": "rrl7eR4vnvWK25mn+EXHYgYsVx/pnxhZjqTwpQzZ7hB7Yz+xrpDeDgWzWSEdiy3kYFxIG9qtjT1oOjRfbsL6CQ=="
      },
      "keyId": 1
    },
    "registrationId": 93,
    "advSecretKey": "q+soDg2WzJqq+BARAoojavs6UgCn4fKx45521l7peOw=",
    "nextPreKeyId": 32,
    "firstUnuploadedPreKeyId": 32,
    "serverHasPreKeys": true,
    "account": {
      "details": "CIC8hfQDEIHo4ZMGGAk=",
      "accountSignatureKey": "Bh6LYKCV8zQ4FTyeE3CXCqomfyaPkNWqyoprNuW4rDc=",
      "accountSignature": "W9TH0RBrM8GapfNmFLWMJ7MM8k+AjNXKJa8O6Pwsr0cDhFeWzRSajgqStsT/T2Wy7WKGSA8H5z1byQ9UuSoICg==",
      "deviceSignature": "6uMb8iam0unTdmT+3Iwzlkr1wqCfbigbFcAUrk7NNKxQJ8W/H7suab+KibclJFoNg5oXdpyvw2ZbOmtguB8KCw=="
    },
    "me": {
      "id": "6281311851903:12@s.whatsapp.net",
      "verifiedName": "",
      "name": "ShareScript"
    },
    "signalIdentities": [
      {
        "identifier": {
          "name": "6281311851903:12@s.whatsapp.net",
          "deviceId": 0
        },
        "identifierKey": {
          "type": "Buffer",
          "data": "BQYei2CglfM0OBU8nhNwlwqqJn8mj5DVqsqKazbluKw3"
        }
      }
    ],
    "lastAccountSyncTimestamp": 1652061728,
    "myAppStateKeyId": "AAAAAPfB"
  },
  "keys": {
    "preKeys": {
      "1": {
        "private": {
          "type": "Buffer",
          "data": "IMNs1wNzffA2pR8qRNtJwKXK03NMf7FEPEOroGFf23I="
        },
        "public": {
          "type": "Buffer",
          "data": "NaOP3JWhOyKxp0Qc3ATSHWIkrUe2fil1ad51cpEiEwo="
        }
      },
      "2": {
        "private": {
          "type": "Buffer",
          "data": "UEG9jvtPbp3/gKtNUG24CMZfYXZra+CZ/1FQgL0USVo="
        },
        "public": {
          "type": "Buffer",
          "data": "Dy63oo3gKfCO9fay9cSe0zb7F7fFJWyH5k8lPixgL3Q="
        }
      },
      "3": {
        "private": {
          "type": "Buffer",
          "data": "4B/37IqoZgxcFU1NeV1ucQmG42joJiNYmogwkTvp9EE="
        },
        "public": {
          "type": "Buffer",
          "data": "/DatMbY3nSjXRzqqQzq4lWyVJ/KHxzAaOLmuWIpm6DE="
        }
      },
      "4": {
        "private": {
          "type": "Buffer",
          "data": "wISQtkvGhfcVjfcuwYau8mRdf7RpBHslByu2YR+VGEE="
        },
        "public": {
          "type": "Buffer",
          "data": "FAjkcUXQDJ2Oodm6eAS7Zhh7YzSU09+nchFCwDSW7CQ="
        }
      },
      "5": {
        "private": {
          "type": "Buffer",
          "data": "mIdypb3rdIN/wIThgPld+T3zdBqqh0nrcqVb4/d0QGo="
        },
        "public": {
          "type": "Buffer",
          "data": "Vlv5aIVemwkT8kjJe1eTOH0QHgzrIuXdE28NfPIaWkI="
        }
      },
      "6": {
        "private": {
          "type": "Buffer",
          "data": "QGckmK5k1n5oqC28vO6LfEAABlmUAHHcU4Qczi/V/lM="
        },
        "public": {
          "type": "Buffer",
          "data": "KgVC7tSdHR78XEtGKIxM52/YElxTBgVntqpRlKDlzSs="
        }
      },
      "7": {
        "private": {
          "type": "Buffer",
          "data": "yIs7RzK8+RZxbx5x4MZFtRXjqZF4h7pgKAS69rS+F38="
        },
        "public": {
          "type": "Buffer",
          "data": "tP9wkayyY5dmdtTURT9I3HtuUgULG+gq3HLkAKWVYxs="
        }
      },
      "8": {
        "private": {
          "type": "Buffer",
          "data": "QP1VRBysYCWxj5ZJs4u66Hm0ZrFsEvNo1JZEWOWoek4="
        },
        "public": {
          "type": "Buffer",
          "data": "7j4+CQK+X6wCRybYUs0FQt12dFu10IQfQ8GcBSu4phY="
        }
      },
      "9": {
        "private": {
          "type": "Buffer",
          "data": "6L4qfL9nVPvViFYdrel51rnr219806HGsAzt1kOOn3k="
        },
        "public": {
          "type": "Buffer",
          "data": "RKz9MlioPoDU1CC3gsnMyZFMn/qFaKJiDnB4BXuPajc="
        }
      },
      "10": {
        "private": {
          "type": "Buffer",
          "data": "WODRn8826j1MahddgO5HgHgB35kDA6xeA/2h3QV2XHU="
        },
        "public": {
          "type": "Buffer",
          "data": "f68LGYuIFgmYbSWPmkiRMAaqyEyRr3Cv+4TqBfRrsxY="
        }
      },
      "11": {
        "private": {
          "type": "Buffer",
          "data": "+CEK3I0eXpGYTHPItxfBKSA9RL00vBRd20JqY9+U0Fw="
        },
        "public": {
          "type": "Buffer",
          "data": "W3Ju3mMKCwUXjTLijisUwEzZup620Lj9FhuCJ2N+l2w="
        }
      },
      "12": {
        "private": {
          "type": "Buffer",
          "data": "uFNk8Lrl7SUzxUL3zCPORNVvngAHxTml5a0cqUz8anY="
        },
        "public": {
          "type": "Buffer",
          "data": "X2X1bnkFJuaf7qIcmfnQ37LasF8CIEtp9nV6IHQecyQ="
        }
      },
      "13": null,
      "14": {
        "private": {
          "type": "Buffer",
          "data": "qNsTMSyx3miqTmvlC49p9L4Gyoa9Txejvl8wG5giF18="
        },
        "public": {
          "type": "Buffer",
          "data": "Cv60ZeeEMJxK3oBTWWVnbCXrHGF1s4v119bJGDu/Sj4="
        }
      },
      "15": {
        "private": {
          "type": "Buffer",
          "data": "sDaVm8QunBp8GmLHWcJImGp7ENkvQDL7efAv0BUDDlU="
        },
        "public": {
          "type": "Buffer",
          "data": "WaDDMMrJChXD6QLITXIRi61Wep69tn2b7/LC+FsAZE0="
        }
      },
      "16": null,
      "17": {
        "private": {
          "type": "Buffer",
          "data": "8J687zATLLCVgu0b3Qz8AtaoO4y0T9i14Ljc9wFn42M="
        },
        "public": {
          "type": "Buffer",
          "data": "LFQ0uR/y7T53rL5vG/5KNUTO4kRzNBuZxmGmERPAcWU="
        }
      },
      "18": {
        "private": {
          "type": "Buffer",
          "data": "yIpZ+NiAaAAAZ0vO8uHN8d1qun9jVakRGIW9r9N4i0g="
        },
        "public": {
          "type": "Buffer",
          "data": "pT7w+S1JEChBDlE7Mon2Vu+0cV1otoV5PWRsCIbhhmk="
        }
      },
      "19": {
        "private": {
          "type": "Buffer",
          "data": "AJr+C7/fzDTOpgustmlMFZkoelPzKn2ZDDBFf0vnNXY="
        },
        "public": {
          "type": "Buffer",
          "data": "0Sc8quyq3dLV5Kvd9okX3JjkJA308KR5oRyYVhLuiCo="
        }
      },
      "20": {
        "private": {
          "type": "Buffer",
          "data": "kLpFYB+KV83fUO5SOku/crc+q5TGE+SH64IKRFbDYVo="
        },
        "public": {
          "type": "Buffer",
          "data": "VWd0cb4U4wXat2KjVRkuJmBZ6G8l18272pwMwCxpECs="
        }
      },
      "21": {
        "private": {
          "type": "Buffer",
          "data": "SOArQcuY+J4RMjDRCwcJp6moNnvy1G7WgLc02Fz57Eg="
        },
        "public": {
          "type": "Buffer",
          "data": "26WmA8+62/aBfmY8bdKcJnQcJeT4pptY1tuzDu7NK1Y="
        }
      },
      "22": {
        "private": {
          "type": "Buffer",
          "data": "KPEML/9Twnuf7qtXMiYU6WVhODlJkGzN8DsUtUEWM10="
        },
        "public": {
          "type": "Buffer",
          "data": "1QMJ4gmtcNPf83IsvpU/pZumAWBZkRav8Zjsp4yrdw4="
        }
      },
      "23": {
        "private": {
          "type": "Buffer",
          "data": "iONRZx6SzRZWmcQHRjoSGhNbefM6sMiiygqbxijKVlU="
        },
        "public": {
          "type": "Buffer",
          "data": "6reIY2WZO/VFFc6gz/qAks1Q5aRCLps6IcTn7kPztAM="
        }
      },
      "24": {
        "private": {
          "type": "Buffer",
          "data": "0LCeHhZPyx5INP5xbbmr4yPzwjHVc6/LQCh2fGnp/2k="
        },
        "public": {
          "type": "Buffer",
          "data": "rHX26JCRge/iTm10ddwA+04V4PCJLP2viztTKL5t/lc="
        }
      },
      "25": {
        "private": {
          "type": "Buffer",
          "data": "KJgS691XKjqOaGXL+gDQzieGfc/LdmsO7dve6LihZl0="
        },
        "public": {
          "type": "Buffer",
          "data": "bgGWiTf1kvh/E2kQzxs20Vhmn64N+xwCUXrlxVVbZ3E="
        }
      },
      "26": {
        "private": {
          "type": "Buffer",
          "data": "kL9yBRXwZy4Gsp48p3DwYZUPT6PTO7HslLhsgIbwbUo="
        },
        "public": {
          "type": "Buffer",
          "data": "okSqZZIJCcb93eQ6T2nOooqWaCAMdqCliffXaexOGDw="
        }
      },
      "27": {
        "private": {
          "type": "Buffer",
          "data": "UJOIpO8ut+FNLt7tZ4PVzjzNPZFS+Y1E7MPcmFlJcXY="
        },
        "public": {
          "type": "Buffer",
          "data": "qVO6DMAcU/JMEKcUGjjOQKPKrsLj5RSFxx6+wcvMRmM="
        }
      },
      "28": {
        "private": {
          "type": "Buffer",
          "data": "IJg643KYIXfM/bSZwKcdauN2RuF5lnMQ2eIlbfHl62g="
        },
        "public": {
          "type": "Buffer",
          "data": "EQ5Rooczy9Rg9Q4JBaBjBIzdAvHdhWMhzxlv7LJG6XU="
        }
      },
      "29": {
        "private": {
          "type": "Buffer",
          "data": "yLA9inQFqsupPucB2B4aGbpI7Xc3xJsgdNydZyefk0s="
        },
        "public": {
          "type": "Buffer",
          "data": "yZpwbni6gjcOMu2wg2ljsMLrTyY18YQMgItXwNgZXAQ="
        }
      },
      "30": {
        "private": {
          "type": "Buffer",
          "data": "UJEiS1NbWTgIs+rUzrSg1pB83w1WNeSnI/HYaOZ0yXA="
        },
        "public": {
          "type": "Buffer",
          "data": "mlyrh0zDsId/5Luy9ulS8VloKcwuXuNX7Eyxv8n1Wx4="
        }
      },
      "31": {
        "private": {
          "type": "Buffer",
          "data": "ODYr5rxR2qJFg1LIMkMCOtNK0rssPdvcwi5PBmSPtUc="
        },
        "public": {
          "type": "Buffer",
          "data": "ITKnay+uP2jrLtJoTYeqzl+q7V+A/1xeGXsxyJ5xZ3A="
        }
      }
    },
    "sessions": {
      "6281311851903.0": {
        "_sessions": {
          "BSuGEZQreVDesl5kxwuUrD1OTpWaCAy9vI4YBDLdP3Ev": {
            "registrationId": 1230566866,
            "currentRatchet": {
              "ephemeralKeyPair": {
                "pubKey": "BZD1uhfGhI2n5sFNI3phmOObyDbwC0jSAwmPk4aF1rxA",
                "privKey": "+JiDj9X2BHk/9AEPm1ekeBvdpQArCzGx+S+qiS2xdUA="
              },
              "lastRemoteEphemeralKey": "BbfWSZSIi+XhcFPoQ134Must5k6Gobh7XS8EJicykVUg",
              "previousCounter": 0,
              "rootKey": "rBE7ZW0qz8jRNEluvNgoJHhmLAjRm7kA6VMT2Zd0zko="
            },
            "indexInfo": {
              "baseKey": "BSuGEZQreVDesl5kxwuUrD1OTpWaCAy9vI4YBDLdP3Ev",
              "baseKeyType": 2,
              "closed": -1,
              "used": 1652061350731,
              "created": 1652061350731,
              "remoteIdentityKey": "BQYei2CglfM0OBU8nhNwlwqqJn8mj5DVqsqKazbluKw3"
            },
            "_chains": {
              "BbfWSZSIi+XhcFPoQ134Must5k6Gobh7XS8EJicykVUg": {
                "chainKey": {
                  "counter": 8,
                  "key": "3bz5k6ishEDgVXd9x2F/pRIVLgRoXyoAeN4C30n509Q="
                },
                "chainType": 2,
                "messageKeys": {}
              },
              "BZD1uhfGhI2n5sFNI3phmOObyDbwC0jSAwmPk4aF1rxA": {
                "chainKey": {
                  "counter": 2,
                  "key": "+zeBJfBoFTOxBfxj+uYvIfUbJK4AWSEYCShm1iRXjyA="
                },
                "chainType": 1,
                "messageKeys": {}
              }
            }
          }
        },
        "version": "v1"
      },
      "6282347552958:12.0": {
        "_sessions": {
          "BZqPBl6PhPxPjWT2Nu1XYSVUsD7dPXXoQzjg1MsvSyEg": {
            "registrationId": 255,
            "currentRatchet": {
              "ephemeralKeyPair": {
                "pubKey": "BXvw5lYbJ3gYHf8GFTQ1hKchQ7/pThRe0NPDDvOljswS",
                "privKey": "OOPExYGeVKP4itpIZ270ezQt4s2UuvYMDrF//eRTWFk="
              },
              "lastRemoteEphemeralKey": "BUJSdaPArcD/y2QYSbDXKoeAfm7OYY6F7hgAy8/G634s",
              "previousCounter": 0,
              "rootKey": "JP8SVPQo2Fw1XbRgDjRWzP51dF5ufnqaVhKBYWtv0kQ="
            },
            "indexInfo": {
              "baseKey": "BZqPBl6PhPxPjWT2Nu1XYSVUsD7dPXXoQzjg1MsvSyEg",
              "baseKeyType": 1,
              "closed": -1,
              "used": 1652061751065,
              "created": 1652061751065,
              "remoteIdentityKey": "BQeTKzaB0FQ0RGo4DZlfNfTTIn0pMMbVQxgQKJ2JGI5g"
            },
            "_chains": {
              "BXvw5lYbJ3gYHf8GFTQ1hKchQ7/pThRe0NPDDvOljswS": {
                "chainKey": {
                  "counter": 2,
                  "key": "nOYEgM7DJDi4pBtMkRRPHkCUhFQrVMpmY3nzyh6HOLA="
                },
                "chainType": 1,
                "messageKeys": {}
              }
            },
            "pendingPreKey": {
              "signedKeyId": 1,
              "baseKey": "BZqPBl6PhPxPjWT2Nu1XYSVUsD7dPXXoQzjg1MsvSyEg"
            }
          }
        },
        "version": "v1"
      },
      "6282347552958:13.0": {
        "_sessions": {
          "BXTXQxx4STFCuLfFEsiO2FotS3kZBR73xFM0W7aySoFH": {
            "registrationId": 131,
            "currentRatchet": {
              "ephemeralKeyPair": {
                "pubKey": "BRlRZtWwvy1cqHv5tvpeTeYKnpKrcBvY6uZZyxQfPf5g",
                "privKey": "EGT6P6/zbqp41xHYkII6u7iRtMez9NT0o1N3sl67KHE="
              },
              "lastRemoteEphemeralKey": "BT6rYIBU9CIXw0KgwFSLqH8q+iFX379wgdXyJ4n8N0Z5",
              "previousCounter": 0,
              "rootKey": "pMszFnKxp1DDbLNRxy3wxuG0jLPPvxlhys5AfVzKeC4="
            },
            "indexInfo": {
              "baseKey": "BXTXQxx4STFCuLfFEsiO2FotS3kZBR73xFM0W7aySoFH",
              "baseKeyType": 1,
              "closed": -1,
              "used": 1652061751081,
              "created": 1652061751081,
              "remoteIdentityKey": "BU+fIrzPROq24u+Zp7ZFrYEd7RBGRIdB0RACMaO9buAN"
            },
            "_chains": {
              "BRlRZtWwvy1cqHv5tvpeTeYKnpKrcBvY6uZZyxQfPf5g": {
                "chainKey": {
                  "counter": 2,
                  "key": "1hm8bMFR5Q3ksDOGJDyYZv7q6P2d1VYr8gfMo8uO3kQ="
                },
                "chainType": 1,
                "messageKeys": {}
              }
            },
            "pendingPreKey": {
              "signedKeyId": 1,
              "baseKey": "BXTXQxx4STFCuLfFEsiO2FotS3kZBR73xFM0W7aySoFH"
            }
          }
        },
        "version": "v1"
      },
      "6282347552958:14.0": {
        "_sessions": {
          "BUyrGp5xKZaJji7JNFXAa5ddpbSR6xlYm6IktEB+jdI/": {
            "registrationId": 12445,
            "currentRatchet": {
              "ephemeralKeyPair": {
                "pubKey": "BeyLPqYmLL3L+Bpyn5atE6o5XuQ8pevCYmXYVPS7xTJF",
                "privKey": "EKL6P3GeUGvokEbpn/OsIDYK+UN3WfmZrT23B01WcFs="
              },
              "lastRemoteEphemeralKey": "BfN/XwgTW2dKbSBHvguP+oYLm8UNWSA0WWV9v8hU8ZQB",
              "previousCounter": 0,
              "rootKey": "9LCcx8YYh7AoBPJReMx09wsst2nm8TXNSfC1oa/teGE="
            },
            "indexInfo": {
              "baseKey": "BUyrGp5xKZaJji7JNFXAa5ddpbSR6xlYm6IktEB+jdI/",
              "baseKeyType": 1,
              "closed": -1,
              "used": 1652061751097,
              "created": 1652061751097,
              "remoteIdentityKey": "BYvkbRD68NPk9wGvVHHCVyI7Wdt0L5/EhyVa88RWIoUD"
            },
            "_chains": {
              "BeyLPqYmLL3L+Bpyn5atE6o5XuQ8pevCYmXYVPS7xTJF": {
                "chainKey": {
                  "counter": 2,
                  "key": "Ex6OmG0VccHbnP6H4RJEykmv5jx+FQQG+K3akJ8pwX0="
                },
                "chainType": 1,
                "messageKeys": {}
              }
            },
            "pendingPreKey": {
              "signedKeyId": 1,
              "baseKey": "BUyrGp5xKZaJji7JNFXAa5ddpbSR6xlYm6IktEB+jdI/"
            }
          }
        },
        "version": "v1"
      },
      "6282347552958:15.0": {
        "_sessions": {
          "BSxOGH4R75xFEml9942NXF1o9Bsb4Czo6+NV1IXSYY4Q": {
            "registrationId": 2217,
            "currentRatchet": {
              "ephemeralKeyPair": {
                "pubKey": "BbSd3KSPXUeYMPR4VDfXONlogn7IS3uR8hMjmMtU0hlx",
                "privKey": "eGt4vEQWf+zVQ+ofSiibk1dsHLz90DoAg/UzPcH9+UI="
              },
              "lastRemoteEphemeralKey": "BY8MLhEcrVhLKLZg2ptw+CImXZLTOtVuvBEKp1/WPlps",
              "previousCounter": 0,
              "rootKey": "TfMCl+/v5Z4V/3ZPkvInC677Te+chsEGrXPeTWZWAV8="
            },
            "indexInfo": {
              "baseKey": "BSxOGH4R75xFEml9942NXF1o9Bsb4Czo6+NV1IXSYY4Q",
              "baseKeyType": 1,
              "closed": -1,
              "used": 1652061751113,
              "created": 1652061751113,
              "remoteIdentityKey": "BWa2o2tW9nlvMnkPlwYSCZa/C7UlKhDHcgq806iEfhMQ"
            },
            "_chains": {
              "BbSd3KSPXUeYMPR4VDfXONlogn7IS3uR8hMjmMtU0hlx": {
                "chainKey": {
                  "counter": 2,
                  "key": "z7br6OmVkOarENzD1rmggnYV8kctNau2DPnFdYL+Vd0="
                },
                "chainType": 1,
                "messageKeys": {}
              }
            },
            "pendingPreKey": {
              "signedKeyId": 1,
              "baseKey": "BSxOGH4R75xFEml9942NXF1o9Bsb4Czo6+NV1IXSYY4Q"
            }
          }
        },
        "version": "v1"
      },
      "6282347552958.0": {
        "_sessions": {
          "Ba49lp9jW0TRWN7j9tW+xvPY83t3WzNQubN8Mq1EQvNA": {
            "registrationId": 301742326,
            "currentRatchet": {
              "ephemeralKeyPair": {
                "pubKey": "BdtBmOn8ZbqhQNHzcQMUHKcyhfD7O+ztwHXxx2KdfsU8",
                "privKey": "QFkaNv447WgpBip6/AltULpzDwyRd6X7bAbOdAcE6WU="
              },
              "lastRemoteEphemeralKey": "BSLYgyZS1yRhSbEMhuJyiKpNkZrUcqqXRb70dMYANdhn",
              "previousCounter": 0,
              "rootKey": "qEiX6iqzdFfEQ8fEDq4bdpk57oMRMb0wIuj8fUrHwMw="
            },
            "indexInfo": {
              "baseKey": "Ba49lp9jW0TRWN7j9tW+xvPY83t3WzNQubN8Mq1EQvNA",
              "baseKeyType": 1,
              "closed": -1,
              "used": 1652061751130,
              "created": 1652061751130,
              "remoteIdentityKey": "Be9Z/lAX534CeYdVTAGz898mieAWoG+g698DiZFHMfEt"
            },
            "_chains": {
              "BdtBmOn8ZbqhQNHzcQMUHKcyhfD7O+ztwHXxx2KdfsU8": {
                "chainKey": {
                  "counter": 2,
                  "key": "TXp65OinfES+mS+a+2eE3UKZWw2DZYlGth+qcAOFM5k="
                },
                "chainType": 1,
                "messageKeys": {}
              }
            },
            "pendingPreKey": {
              "signedKeyId": 4,
              "baseKey": "Ba49lp9jW0TRWN7j9tW+xvPY83t3WzNQubN8Mq1EQvNA",
              "preKeyId": 481716
            }
          }
        },
        "version": "v1"
      },
      "6281311851903:5.0": {
        "_sessions": {
          "BYO7KPxmilUdmBfFqmTJQtMgrVGQAKC8Oga7q8P9pEt4": {
            "registrationId": 250,
            "currentRatchet": {
              "ephemeralKeyPair": {
                "pubKey": "BRnRT6RL5d3DP77MmtO3lh3CvnVoNMziBdccGnF7AYYi",
                "privKey": "eKsMnA6P9qERdSiqceIoctVbe5d/r1W7lP+CVVTQUW4="
              },
              "lastRemoteEphemeralKey": "BZwjjuQoY+D3ajhQIHTTs/iGJw5gQ0Vtz4F62dUMHpMO",
              "previousCounter": 0,
              "rootKey": "wEWHwDkxpiXPrqiQT1H0BO5C5UF8tEKAcqH0koIg9vw="
            },
            "indexInfo": {
              "baseKey": "BYO7KPxmilUdmBfFqmTJQtMgrVGQAKC8Oga7q8P9pEt4",
              "baseKeyType": 1,
              "closed": -1,
              "used": 1652061751264,
              "created": 1652061751264,
              "remoteIdentityKey": "Bcc5H2bRr+FvpBtpOu9mDWn06znZaZqQ8fgPQBTAcwFK"
            },
            "_chains": {
              "BRnRT6RL5d3DP77MmtO3lh3CvnVoNMziBdccGnF7AYYi": {
                "chainKey": {
                  "counter": 2,
                  "key": "22Vlmvw0ObX0COTa8bYS3QdJmIbTKda+ItwnWkuLr5w="
                },
                "chainType": 1,
                "messageKeys": {}
              }
            },
            "pendingPreKey": {
              "signedKeyId": 1,
              "baseKey": "BYO7KPxmilUdmBfFqmTJQtMgrVGQAKC8Oga7q8P9pEt4",
              "preKeyId": 10
            }
          }
        },
        "version": "v1"
      },
      "6281311851903:10.0": {
        "_sessions": {
          "BZdWEUqbvbW0Mqc41rP3dnhL4FSZEMf/oXMQtyBCKRdf": {
            "registrationId": 94,
            "currentRatchet": {
              "ephemeralKeyPair": {
                "pubKey": "Bcelypn7/6QtTmraOyZJy2eerv8QJC9q+O/A/eb3bddV",
                "privKey": "UMCZYzOLarMVcrXWpx9OH+GYLPWyhip7JRt1jREtCUc="
              },
              "lastRemoteEphemeralKey": "BRxcVSXMHeOQc0KImBrx1pN3PIDnMBf4lrkyfG2JqpoR",
              "previousCounter": 0,
              "rootKey": "Jk9jZsZ6JPxbXrBTSn1i+WWC8jDphUljVfQ15DM5KFw="
            },
            "indexInfo": {
              "baseKey": "BZdWEUqbvbW0Mqc41rP3dnhL4FSZEMf/oXMQtyBCKRdf",
              "baseKeyType": 1,
              "closed": -1,
              "used": 1652061751283,
              "created": 1652061751283,
              "remoteIdentityKey": "BQfxaBWLFtocn0JB8ySIgTH7fVCjSJ/fxbEdK5VHP4Zy"
            },
            "_chains": {
              "Bcelypn7/6QtTmraOyZJy2eerv8QJC9q+O/A/eb3bddV": {
                "chainKey": {
                  "counter": 2,
                  "key": "ZVydiYxDjGgdz2poGFcmQ7jmN3dZHf1fn9hemyp6q1E="
                },
                "chainType": 1,
                "messageKeys": {}
              }
            },
            "pendingPreKey": {
              "signedKeyId": 1,
              "baseKey": "BZdWEUqbvbW0Mqc41rP3dnhL4FSZEMf/oXMQtyBCKRdf",
              "preKeyId": 18
            }
          }
        },
        "version": "v1"
      },
      "6282396572771.0": {
        "_sessions": {
          "BR4ZmukfIgwv+akiYtF4l5BdICkOrwU/ejwEnq0+8VVD": {
            "registrationId": 811542775,
            "currentRatchet": {
              "ephemeralKeyPair": {
                "pubKey": "BQLCCjlOdI7kJQ9yddlyTKgXfozkCz6kvuLGqhZCWB09",
                "privKey": "YO+Txbbbb3KF7W8tp7Rny9VD86XulkFw0lfYqzPBuE8="
              },
              "lastRemoteEphemeralKey": "BTRqsTbvkH6299VB10li8uFt4/SyVqb0Bv840B63VS8l",
              "previousCounter": 0,
              "rootKey": "HsLwOEDZ15ovwHTtVZ0rYLVM1Y7w4z/vXCfmer4PaEw="
            },
            "indexInfo": {
              "baseKey": "BR4ZmukfIgwv+akiYtF4l5BdICkOrwU/ejwEnq0+8VVD",
              "baseKeyType": 2,
              "closed": -1,
              "used": 1652067406153,
              "created": 1652067406153,
              "remoteIdentityKey": "BRM4MozlPqEbiNPrmVIBbV6bDtOJoGa4e4hASF2Wm4sk"
            },
            "_chains": {
              "BTRqsTbvkH6299VB10li8uFt4/SyVqb0Bv840B63VS8l": {
                "chainKey": {
                  "counter": 0,
                  "key": "jAbzngti1oi3LQ/hPlxbgZcDFBPlj+XmO8mQCWGRgRw="
                },
                "chainType": 2,
                "messageKeys": {}
              },
              "BQLCCjlOdI7kJQ9yddlyTKgXfozkCz6kvuLGqhZCWB09": {
                "chainKey": {
                  "counter": -1,
                  "key": "6gpFzhdmWlxx4qJRjxcToSJEvcQMNIVJehXZY65IrRw="
                },
                "chainType": 1,
                "messageKeys": {}
              }
            }
          }
        },
        "version": "v1"
      }
    },
    "appStateSyncKeys": {
      "AAAAAPfG": {
        "keyData": "skwFtH/sy22fXna/QpqktJ+OSwYXr1b5HGsjheyy9R4=",
        "fingerprint": {
          "rawId": 1048665600,
          "currentIndex": 8,
          "deviceIndexes": [
            0,
            1,
            2,
            7
          ]
        },
        "timestamp": "1652061179403"
      },
      "AAAAAPfE": {
        "keyData": "wahFnjLzrgvZqFPxFCazjrZZMftkh6YHLCv6WrO8AWg=",
        "fingerprint": {
          "rawId": 1048665600,
          "currentIndex": 6,
          "deviceIndexes": [
            0,
            1,
            2,
            4,
            6
          ]
        },
        "timestamp": "1652008304206"
      },
      "AAAAAPfF": {
        "keyData": "HCU6JGzU+wCJ/XnnDozIkK+r35nM/qCbPlqlpjmDZmk=",
        "fingerprint": {
          "rawId": 1048665600,
          "currentIndex": 7,
          "deviceIndexes": [
            0,
            1,
            2,
            4,
            7
          ]
        },
        "timestamp": "0"
      },
      "AAAAAPfC": {
        "keyData": "59/ZjuabmHvM7tF5Q3/G2SiP/lfE3AjtSGVHjrUs1Es=",
        "fingerprint": {
          "rawId": 1048665600,
          "currentIndex": 1,
          "deviceIndexes": [
            0,
            1
          ]
        },
        "timestamp": "0"
      },
      "AAAAAPfD": {
        "keyData": "pyWy9mPZ2fm37AfVDzxRQpYL5fLkzQqfNqwyiesGpCw=",
        "fingerprint": {
          "rawId": 1048665600,
          "currentIndex": 4,
          "deviceIndexes": [
            0,
            1,
            2,
            4
          ]
        },
        "timestamp": "1651845095609"
      },
      "AAAAAPfB": {
        "keyData": "2KJivTQtsQYfiMWPPRDzJrEA86z0wLR4QwmIMo7tB/k=",
        "fingerprint": {
          "rawId": 1048665599,
          "currentIndex": 1,
          "deviceIndexes": [
            0,
            1
          ]
        },
        "timestamp": "0"
      }
    },
    "appStateVersions": {
      "critical_block": {
        "version": 6,
        "hash": {
          "type": "Buffer",
          "data": "bvJYBLPPknQaG82m7T6IYaWyWbzUyPwnL3j5Wv4qqHuleNXUhfmFEYJBUmd3IAeZ/y9QpVPcJw22KUsUQNxfRmc3OH/VQblTJ8QFPKJFqCSTOFfborJtzOpUNJN23wTMj/X5JV4tH9f6k9y6kY0mhHWJdhtcuSbjIs2mg+WEFd0="
        },
        "indexValueMap": {
          "z1mMMbRzhxOZAbreYboioWLvCxksJfAxmNpggWId5ko=": {
            "valueMac": {
              "type": "Buffer",
              "data": "KAmui8+ZnNqV0fajRsGM52+Yld2uhZfpB/exNs59MX0="
            }
          },
          "0fgTuBqbQvOW2FTg6+8Yn49RkH1qWfLPacfOM6fxalQ=": {
            "valueMac": {
              "type": "Buffer",
              "data": "e8NTXKanfyfCiKEfm0jLJ9HahR/ni7PoOuNXtELxVvk="
            }
          },
          "qyPMkdjLpcx6PL7NCqtdBJabgM4UTP9geYTpfG6cHOw=": {
            "valueMac": {
              "type": "Buffer",
              "data": "y1AX1tX49LscS7x2AMAgW0jM2jzYCFYt4pF8PPuoBK0="
            }
          }
        }
      },
      "critical_unblock_low": {
        "version": 30,
        "hash": {
          "type": "Buffer",
          "data": "LDVizioGUoWOWnHyN9hXGdGvuQsydBes9bKYz8yo5JUVQmfxdJkrHaz1NNwYDHo+e/veRWBq0liO4vGApQ+4+Ie9ZVBZnx/pxPbBkB+Q4eekECO3IaDTeLKzjF7xir43kAUG2qE0sLiXbciLaggRy3L59WNFlfBxO7WP0bqSvl4="
        },
        "indexValueMap": {
          "EYgXm6HFD0cgxA004HqJif3oYarN5qNXK2QYRYDv/EY=": {
            "valueMac": {
              "type": "Buffer",
              "data": "mxrRsv71oV96f8y6rpfNYS5HWF4DRcZNP1khP59YUVw="
            }
          },
          "HKp002rYfYiLy/qJfqcIIP1zkKuQlrdVJ2MyYL3gn1I=": {
            "valueMac": {
              "type": "Buffer",
              "data": "+Jlph+eq/16jLnthBpawh9eG9HLLFdHZ46CXpTdsqOA="
            }
          },
          "RVJ89pUSaL5sc8hJIte+wwdMMGxRnGgMSt7OHcfBReY=": {
            "valueMac": {
              "type": "Buffer",
              "data": "hpkaV58do6N8ZTtCzFCl9k7IdXaB0jm3EgYcrZ0ENYM="
            }
          },
          "TX8QMdfo+KpAAjhq54RObok1Ht09x8ikqu5qFRxB+NU=": {
            "valueMac": {
              "type": "Buffer",
              "data": "J7viLRlBMDoFSzW1RhkSJgiZDiEV8LOQGgfD+ceYDMc="
            }
          },
          "VKZ7BTU78mjw5+e6HCFYtn3qYpAW/xYHSMcavWbFoPY=": {
            "valueMac": {
              "type": "Buffer",
              "data": "FUHUA4RItmlL89MS0kqIGpRR7Ir21xXsbL9IznqVJRY="
            }
          },
          "WP/Og1G5dG4zAOXIM10SphLxRO1cFd04ca6SmsWQ+KE=": {
            "valueMac": {
              "type": "Buffer",
              "data": "8EeXylza7P7frmjC3R7ozkvqmKnCsfT8vl38zpY2O7k="
            }
          },
          "dBVZI81phQ5RVyzffSeLt8Ry214e8KNKp+qwsqvkVuk=": {
            "valueMac": {
              "type": "Buffer",
              "data": "8oca7gg2k05d+WPEm54t1STVVEMonuk94jEG+kAmTPc="
            }
          },
          "fsDodWVkizVUQh2oL4BiwKoIIGpny1J0XaeDV5f02nA=": {
            "valueMac": {
              "type": "Buffer",
              "data": "V3jCQbELhAjEfduHDRXza5/Kd5dibp/nMR3eHUSEXrU="
            }
          },
          "jF8XKa7r/6WS21J/FB5QSehr/bFAzmN1+Md1FikYhxM=": {
            "valueMac": {
              "type": "Buffer",
              "data": "LYvM5zLLrzO1IauMP2VzqS0MDhNiIP/UMN9wVqbsGyU="
            }
          },
          "jcI2h4OgXaJZFYiywXTFombgkYH0rJpvhbAXYkiImYg=": {
            "valueMac": {
              "type": "Buffer",
              "data": "rBxgNRjrJbEl/kFVLzwh0aikqFEx4R1BoHTGjLmxDsc="
            }
          },
          "jgoB40/LSuPQOWLRCwqZe34AQ6vF1q3iUtRKLszOa1Y=": {
            "valueMac": {
              "type": "Buffer",
              "data": "Vm21GoAHy2+GEVq8O/m9hBvvRjKQK116FIUTzMk4OrQ="
            }
          },
          "v88bzahkoBLWqA6VLLYGFxXzK9WpS449ilaAnO4VmHU=": {
            "valueMac": {
              "type": "Buffer",
              "data": "atZjiJytuHPyV0WBLzlMToR3V21n+AwhuouPlSzgJqs="
            }
          },
          "xzhpvYPRfIxG7TwqFSYj7JZBvTFhvP4yzVCuEIaeIqg=": {
            "valueMac": {
              "type": "Buffer",
              "data": "u/MGjom6iAL7PHPuV0555Ye5+Y9F8NqQ3/KqnJivXjg="
            }
          },
          "1l3zj4qf3tpeLTviaOijffF9JOB4n3NfdUZA2ckmPf0=": {
            "valueMac": {
              "type": "Buffer",
              "data": "QCcjM701rP6Sf45cIjZISdq9DZIsoxruiVopTT+Ha/Y="
            }
          },
          "V9RKCxfEysCkVqKJTfZR8ihpQOiswr/tpGXioGyGsPU=": {
            "valueMac": {
              "type": "Buffer",
              "data": "4SMRrWU1j+OHV7rVJq3bMdzN10D0B+TzgbwWOaiBsdY="
            }
          },
          "PHntl+zkxPfBC1jz+QzhZMjr7CexzfFTP8IBN/fRWJI=": {
            "valueMac": {
              "type": "Buffer",
              "data": "ia2UxwGNrtqvaG+PYTnrKlr9HPBt9tF/aSpWS/i5zSw="
            }
          },
          "ZDrpPZAPKp75y3CwLie5xuObJRcDVX8IJyN3msVjNA0=": {
            "valueMac": {
              "type": "Buffer",
              "data": "7HlvOahlPUhfkESvJ4UVVJneyM60WpWRaAo9PkP13to="
            }
          },
          "bOXh1lyx7nXm2npIU5JjPAjL5geyKN+ozAbQnxM6XXc=": {
            "valueMac": {
              "type": "Buffer",
              "data": "w+SwNE0TDPEtbVQVEHLdcFpub2jBmxTWS4z4gGP+J6A="
            }
          },
          "6ybfBwqD4MpB+FRObAzgiYy00G3DeSPBdhkce5txeRI=": {
            "valueMac": {
              "type": "Buffer",
              "data": "eNFcOWxfvJNDO406pt0V+OZkJz1pUBPIkKGAG25fzDk="
            }
          },
          "vaXMJGIrMn7oaHDc5RFNn1/F+CjMOrFbsQzybeDq1uc=": {
            "valueMac": {
              "type": "Buffer",
              "data": "jTRt0QfFuGxjh5d3QwP0sa90uUGYP+2vWWBelhfy/2g="
            }
          }
        }
      },
      "regular_low": {
        "version": 9,
        "hash": {
          "type": "Buffer",
          "data": "uTU1X44tWXofTqsZFTB7gwm9M8OnRlFofX4lECiMojllfTQ3igtf29sZ3zzRNWzz+jpWJpph4wsUJ+L1T29QSDDT09puSw1Vj2HB7AY20zRDruBfaJx/dXkamGfxNe0AG9TRbNm4N/OKFiFuzSzVAv5Y7wLDsXU0K26WreO1M3k="
        },
        "indexValueMap": {
          "AiKLCg6HdHBO7w/MgoZI1sN2MHE57CgvOGn0WbZT1WI=": {
            "valueMac": {
              "type": "Buffer",
              "data": "ZMVsxtolQo57+aYplac8ItufIiuialZGcfFi0C9Cir8="
            }
          },
          "BuOtRHta1F34c7wwYCT5MUga2DOiMwcklPNtPJnksGQ=": {
            "valueMac": {
              "type": "Buffer",
              "data": "6wQV5dWBU/0ksbfBwM1wJipvZ6EcaSaHuLSHXsyPSg4="
            }
          },
          "HhwXgUI3F7NbDXVKHaUqbW6+gLU5G3T3nZYkwjFGDHA=": {
            "valueMac": {
              "type": "Buffer",
              "data": "+MJqwL5C+nMVj2QXtypfLqxkNWjOEYoB4kynnaScG3s="
            }
          },
          "LlyhxmncwgGxtF5HwyAS6mOaiDyoGBknMF1gsh9aHmw=": {
            "valueMac": {
              "type": "Buffer",
              "data": "6yJlguor6biwAT0GkfySxpErT/j/GjNCQytVnPQLT2o="
            }
          },
          "Oa7NKkxrcCJep7Hqtrk1ZUA1WIgyPRi4F4PH358k1c8=": {
            "valueMac": {
              "type": "Buffer",
              "data": "JGTt6rbtwtcklv4exu719q6M8UGhTjtQgNHnsVWA+rA="
            }
          },
          "QLnwk6+vupC+rVnH0sweVe2AMo8DN8glsp5Bwb4gMLQ=": {
            "valueMac": {
              "type": "Buffer",
              "data": "q2N8QE+qKvIUpWT6kP+pywovJNJDZdOTRDfsWT9X2tw="
            }
          },
          "Q0O10qi4/jZ9vhFQVmu77cI7RpQA44hdA3UxRildLAM=": {
            "valueMac": {
              "type": "Buffer",
              "data": "kyfCr1CYhXnFMLxXnnElTaJnarbJuBfqUa1Q4lmAQB8="
            }
          },
          "Ul51jfJYRaOJag/kdNWgfF9dYISVYWDhK+znS7WH2tY=": {
            "valueMac": {
              "type": "Buffer",
              "data": "F9bn0Zuvck/LONkYh7kHtSWrkPNljQjKVXb8td5qL6o="
            }
          },
          "YI2mMHdLEAEmKHJhqbIWZEmGztlQ2qF61t9xHQNBR7E=": {
            "valueMac": {
              "type": "Buffer",
              "data": "gOtzpMKMkOlEmnC8thmr1V3ykT90r6JiHRK7chQlCLc="
            }
          },
          "YecuJvWcH0fZwqZnztKF7/Sc6NlUAP/mn+s1YcCDP2M=": {
            "valueMac": {
              "type": "Buffer",
              "data": "qZypGZCdzTXhRmk+7Y0bg9J6LNFNPyFD8o0rv6Hfl6Y="
            }
          },
          "ZDdUUlE4ftfdzS4zbf0M+Bj8/D73UiW3w2+rrfKySCI=": {
            "valueMac": {
              "type": "Buffer",
              "data": "T7dIgFnD2cAVHmHCFTATszhKh3csVzcx02oZ6Ap9Vrc="
            }
          },
          "aNFgGWkN1J+djVdojdRJkgu0ouLaRGfRl/aqJlhjc60=": {
            "valueMac": {
              "type": "Buffer",
              "data": "00VNZewo0qo8/yoUj8pS1SGAC+d+Bnqo2Awt4JNN2AY="
            }
          },
          "elkd9vUgoXPo3shWZuQFJaGeeoaZz54KOaqtgWpwsW0=": {
            "valueMac": {
              "type": "Buffer",
              "data": "/y2BRNgkMMNBI1mQy3f+GEt4VTlV+EWS0t0p5d+06Do="
            }
          },
          "e6rGgZ4aNyqIO2Vo4sM2Cryq+bz7WY2K3Vrc9avsZrM=": {
            "valueMac": {
              "type": "Buffer",
              "data": "qBt5FIKSkM2g/Sqw87Y5R6YAMRMCmMTDU2hkRtkE1lc="
            }
          },
          "fBJ6P34qt16oIhKutFQnzANm0eyUQ8G0rcBodhp3M4w=": {
            "valueMac": {
              "type": "Buffer",
              "data": "IzTo5uKxTdkNLIgdxBt8J6k2TeGqLlI+lMzX4F6ffG8="
            }
          },
          "f0iDP2QV96U3nlraOLetxfeL7ZzgyUP4Y50SkHXWUJA=": {
            "valueMac": {
              "type": "Buffer",
              "data": "TTfY/AvPxItGk0DGSF7Tl9+35xKltkw0BRk4rImFOGE="
            }
          },
          "gM8pjKiF9XJ/zH3di7vuNKttsdeparH6vlTUzkzRSUE=": {
            "valueMac": {
              "type": "Buffer",
              "data": "/RHgmzyJZUbRN+VRyV1haZj/hmPEsLV2MiRvuJoKBvI="
            }
          },
          "nSD7OkQKMbp1DZHKGOifyGNp8P2WzwU9TaOhTioAGgE=": {
            "valueMac": {
              "type": "Buffer",
              "data": "XqJNWhBD3mUcW33ht2Q2zsrqj+IrSw8/BpMtmUm3qHk="
            }
          },
          "oMLBbhakimO1KUjEcmqBWMJEte9hJpFYtxsfOdufRdM=": {
            "valueMac": {
              "type": "Buffer",
              "data": "3n5/MMME2t6b9TQ5+mFSO7Nd/iiQ/aRjg0blt/wgUJU="
            }
          },
          "prYBFinp7/lNBFEQsla4WkBq6A21F3h38yWUULJkVxM=": {
            "valueMac": {
              "type": "Buffer",
              "data": "/Hc5MpdKwCXUaSSLvNk0nc4pEEddaDzP5VefPITA41Y="
            }
          },
          "qnVKjAoEiaYUVa0mL8oLcI7jhhra3ztFZvdSDhPKrKE=": {
            "valueMac": {
              "type": "Buffer",
              "data": "OjtCSS+sVXsUEfPhK9cQ06aHFsSU3he0/Gbfr2UwdUo="
            }
          },
          "sBpqoXUbG+42EkwOGZKcBMrP48pkqJBUIqrqlB/ZCXs=": {
            "valueMac": {
              "type": "Buffer",
              "data": "LGzXKbEE0WibqIUxGrctc6mWldSqHnryZ4YW6jFPOFQ="
            }
          },
          "uVstcv4rpEJqmRq5osigms+ShYN6nFpDMNTqIxlC1HM=": {
            "valueMac": {
              "type": "Buffer",
              "data": "FNcv3yNHQtflkALiEDIjhkqdOkKaNtFJu6OtG/0WU0M="
            }
          },
          "u0vdsItFnOPAKiU9DxDJnmPqRsn5h7Oesc0kjliQoxE=": {
            "valueMac": {
              "type": "Buffer",
              "data": "UYhfP/EAvT3UItyuZxbfOEakmB/Uf+/oIZ41W4YYgKo="
            }
          },
          "vRx/SstaMFa3Dlr5ydnoCSu4MnHV/PKeTmDs322reds=": {
            "valueMac": {
              "type": "Buffer",
              "data": "emFeu8bx7yyrqO/bquUfSIko3CodtsdFmZ8T/+dkSF4="
            }
          },
          "zjHHO/+vkDJXV0R8BMHblPi9PEtWKrJuyLC3xqLKjeo=": {
            "valueMac": {
              "type": "Buffer",
              "data": "q1JrwPvfQCe0iIb7q8ryaV2LQIxgDMFxwKC3ozrfADc="
            }
          },
          "0NscEuM95kPvKL12yGW2JkD+SZpu1m8mtEvX04Cnkm8=": {
            "valueMac": {
              "type": "Buffer",
              "data": "cOmGOB01IIlYADiLtQzITeQyd5TcJvldneqiy/TTfpE="
            }
          },
          "5aU0Lim3BN9ZJc7ERr7W+xGpmA3+FBIBqpFdXBF9rnE=": {
            "valueMac": {
              "type": "Buffer",
              "data": "x5kjQZt0erefdG7SVRlB05x3822tEkj+kPwY/Z+2gGA="
            }
          },
          "7bbHgD465qyGTM5a6xR0yGm81dmVfLA7uZA67IAQoq0=": {
            "valueMac": {
              "type": "Buffer",
              "data": "lRbwaTkxk/yZJCz7Rf4feG1gAum+MH8wJyhILfsSCs8="
            }
          },
          "8m5v81pUpwGbk/GXbpE+QakuMghFlgMa3Gz34rORd/8=": {
            "valueMac": {
              "type": "Buffer",
              "data": "j483lZmKZsBaN4FBOX6mafhuKk9tjVaJiU4DLCdwGjQ="
            }
          },
          "vrHWYWWcEmJkH4F4uZKcS0wQ12Iehsr6JGhBZmoSkkA=": {
            "valueMac": {
              "type": "Buffer",
              "data": "ipk8qzdFSbAJlb/ciKwInfo4elG7lzuDrY04XoMz+hQ="
            }
          },
          "aBZFS9rsJ7Vz58yJEuETcjqbmzZiZPEIx73/4hbdQHk=": {
            "valueMac": {
              "type": "Buffer",
              "data": "wOG+HWMev3MaYZM8j+Cr+Wif1A/z95vQk/Y1tVbNNzc="
            }
          },
          "/3MdtQjlq1mQnCqiNgDSSJAwGDD46hZfbNr1MU1hfEE=": {
            "valueMac": {
              "type": "Buffer",
              "data": "4tBBN9LAGQp2YZCImTBceSgLOx7KtT3aX5gMbBTg4Jc="
            }
          },
          "o2P5zxt+7kzsHDncScJdWiXWh1VUjb65jRtpWNH/ZF0=": {
            "valueMac": {
              "type": "Buffer",
              "data": "4bPIAVdRHsOF1d16u788eunXQLNKG5y7Qwpt1H1jjpU="
            }
          }
        }
      },
      "regular_high": {
        "version": 9,
        "hash": {
          "type": "Buffer",
          "data": "qktzqwRkFZoog39DDIF1RXzzV1pMi3ZgEHG3lEocn/ThuGrUmTTfUazISb9w2eqSJY7iBMz4dfxqNaR1+v5YKALQ2XzPsHY7MCRg0DjnHz2yEUwO0mJxyBuCE+YR9ardrByfbjKp4d5b7e2+QlovdVTHlt/IqbTHjOuCAeVLWAQ="
        },
        "indexValueMap": {
          "Az5hq3aZNgzPVlz/4/91klyXa47ocr+qvKfd2Iy7H0E=": {
            "valueMac": {
              "type": "Buffer",
              "data": "vHRrOju7OZOXlZUaic0iXbcimjmS5IwgbO+YU6cvNaM="
            }
          },
          "CMdOuTuuodvfaF+BJAtfYUgC5u+X+RGQpb1X8VJD5r8=": {
            "valueMac": {
              "type": "Buffer",
              "data": "7YRL6sHbGpfMejFibeWu1bj/Maz9komsKypNQ8JWCbo="
            }
          },
          "Cowv1jaOUBEJ/+W1KKB+pbIz/bJAvQ98goqtcJEDOn0=": {
            "valueMac": {
              "type": "Buffer",
              "data": "MoeBrZ76uKOhW5jVrbEHUxyWQ7MqzyIgUL/lrgWqtGc="
            }
          },
          "EJN9QrD2HjTRe4GgnqDrB6374qY36DkVR0GoSTu15nY=": {
            "valueMac": {
              "type": "Buffer",
              "data": "8zvJLl5/JTZnzJHJpCV67BiYX5VS3zQ0E6Pbi7rjqfs="
            }
          },
          "ESYosrpxO3N+FflqxmoDHkSpG6C8J2DSyyw+EsiOV+k=": {
            "valueMac": {
              "type": "Buffer",
              "data": "V+j81SXpakExYmlH77RWZh2XJS3caE/0/pvJ2gnM+Xw="
            }
          },
          "EdHoPvIqY+AaquFtAvIqvRC0W3oNeQRGsCst9i+17so=": {
            "valueMac": {
              "type": "Buffer",
              "data": "/STK/SHdidfHVHWdF7mAmceFG1z6apde8CmS2icEExo="
            }
          },
          "EwbFkSn3UnihoNiXujZwLvAYfk+HxzJbkNVRbU1HV94=": {
            "valueMac": {
              "type": "Buffer",
              "data": "Nm04j56ZQVIAMztRYLpMNrQswWFHBpZnwTpcRgslgq0="
            }
          },
          "F6AuZuU0MISeAuxLaf7MF0SOmsKqNEoMF3v6x6kj+Oo=": {
            "valueMac": {
              "type": "Buffer",
              "data": "atyqr9CnmZetvHBUxBRsea7w2HwT4QTSqSPoPiTgc3Q="
            }
          },
          "Gr3M7qK4olMX9dDzqICsizRsd3KWZAaOsOGo2e07kgk=": {
            "valueMac": {
              "type": "Buffer",
              "data": "VUzybiN9MQ8J8t4hzcG8r1VmW1dVVm7grsbmzq2b04g="
            }
          },
          "HXOsgM9bjY7UUn6FalfOL2FnHaKHLW69l1jG1zxMLIo=": {
            "valueMac": {
              "type": "Buffer",
              "data": "SM/ewNscSPFVY9LYiE4qZQYPIZcFEu/0k7UYG10PWAc="
            }
          },
          "IbUALNpB+su9MESqhrQktJ5x5XuL/ffyUlLF1foNbNI=": {
            "valueMac": {
              "type": "Buffer",
              "data": "fjIUyN4wnff44fOWQn92KXTbrha8yIlIyrYolPhnfGI="
            }
          },
          "IdtXDAbEVo4y3Kc6+en1cTWRWCuZPIMQ5bozOcme/Ik=": {
            "valueMac": {
              "type": "Buffer",
              "data": "eP2WMKjAbK0OmiCWhh9hbjJyCEc21OKkrYL3Zr90AAc="
            }
          },
          "Iw7dlGTrvKR/eHX4i243xJA+aGUCbuNLrNPfeYsHqYI=": {
            "valueMac": {
              "type": "Buffer",
              "data": "YOUzsCz0anWbjAuoQVcBNDHz01QfEO0fU8CiEjwWXkg="
            }
          },
          "J4psvQPtzFGFNscOZ/ToLVIAKzh3ye2hmlwfvFJMtg8=": {
            "valueMac": {
              "type": "Buffer",
              "data": "BJy4/R/Tys0gYcxB0qYc3TSOLlWkETQpRu57SL55JtE="
            }
          },
          "KSaR5eTXQuOoCmBDjv8Oh5aWNi66ocg6wdxBxs+YfY0=": {
            "valueMac": {
              "type": "Buffer",
              "data": "TegEMc3eC+ghkUjF2zHXODQc8Hoxab6V9p/Y4e4s9fw="
            }
          },
          "Kx3WKW3YMVOIY8z523iirS75YIaPyyfHx4dBLW7JX9Q=": {
            "valueMac": {
              "type": "Buffer",
              "data": "yneSzq3+7S+okJg/k8UUjw9MgtRxzJGS4p+VzG+qXFw="
            }
          },
          "LT7ZCd9TyChb/47lU6QOljShR7FwofRGCnQ6S57yPTo=": {
            "valueMac": {
              "type": "Buffer",
              "data": "qD9M8Uh1S5rFr+0MfZ/OWKiXIpcQ9fHizZEl9kJuKY0="
            }
          },
          "LqEtE8eMSgMLIdEzfxGVqOx/Nfn5RYZgJdFuORcWEAc=": {
            "valueMac": {
              "type": "Buffer",
              "data": "wxt9ECotogXJqWAPsoGbouvaHzKCoKSxZ3ni3A59OR0="
            }
          },
          "PDpbWzp+f5EBs5bn/kQGsSngwSizCk1TbURKfvwygqI=": {
            "valueMac": {
              "type": "Buffer",
              "data": "8XpkkyVVCioyXxuJB2YLjt5wq7EMvEpM8Z9uOqOhVtw="
            }
          },
          "QPAaF6cmjQx5wBoTM/pg7eoHH5YE8wB0GTpFqrpovXs=": {
            "valueMac": {
              "type": "Buffer",
              "data": "CDZRibSNinc9SOnnJazmVEginQKOkEIykFkafcsbh4o="
            }
          },
          "SDswcOo6kB7UvbHk0ExUMDVojHVW8c/xTcoREWNUZME=": {
            "valueMac": {
              "type": "Buffer",
              "data": "Lrp/KITM42Bh4dXu9rJAnzchSFmP9hZYdI6ZmsekwK4="
            }
          },
          "SYK9Z62VjvAlz51X/d7PDetfUbEgvxN2m3xMmjvrWwo=": {
            "valueMac": {
              "type": "Buffer",
              "data": "BxoKzjV0/LFHUi1yM2/e6ECtKrcy9s4jN2aSRv2CZMI="
            }
          },
          "UpLrwtlwf1RWnlFSM9iROtknU37/85oG7ztcWUuZYUA=": {
            "valueMac": {
              "type": "Buffer",
              "data": "6i4ZOKjDkqPzV1gwVeMdJ7vgYR65y66sIW3yzQX7gpw="
            }
          },
          "WT4GLRuYomkK6HCD6As5Ld60Z/v0ubJb1v0ITDGD3p4=": {
            "valueMac": {
              "type": "Buffer",
              "data": "pZAtBiQid1ZbZ50VzMrUgIEddiRb7vbyoMcHUnwdOkM="
            }
          },
          "WXMYRD/jfUW4iDR9ia6wo7Frez175eif6r6PfgZpr1g=": {
            "valueMac": {
              "type": "Buffer",
              "data": "rCUW+SwA9oZnHUNwzRAfdoi7bGa+FphGhfNORbg00OM="
            }
          },
          "W1LNWuy9lsbEq01gD7hjU6Kn/hVwMCD7cEnPSUzvEHU=": {
            "valueMac": {
              "type": "Buffer",
              "data": "HDbPV/w02RxwHV2tof7Ez2jZH3XgyoyALXn2gHeeaWY="
            }
          },
          "ag22jwkI7P/QdK+0OcoWt6kMxvBUY342REdrDRzoWvI=": {
            "valueMac": {
              "type": "Buffer",
              "data": "v7sqtIe9FmcypT9Jsovoj3OOzf8Hozg/LozzQwH4xY8="
            }
          },
          "cowxQJ9Ms4m+SDcpubCjjWSRg6xUl4NDz65MEZWqReE=": {
            "valueMac": {
              "type": "Buffer",
              "data": "8/zn27BJ/xUbHQT2mLZdJPv7FEd36O0h+gDexvKnSWM="
            }
          },
          "db9bKxmBDEHRWCmosZOv7cdLp1SFAahk5yCudTXyZ/I=": {
            "valueMac": {
              "type": "Buffer",
              "data": "qSei1lVFNbCw1BspCFHHKuNJkOQ02Gzva8HLHu3etuU="
            }
          },
          "d/rMUdNiMKaXRD+ewHgzD8tOe0yN3ebKoM4V6VWtG8o=": {
            "valueMac": {
              "type": "Buffer",
              "data": "zMl5xs9rVsKsQHKrAUTZawHuFg1um4D6QOB2LABpOMw="
            }
          },
          "eg8JZkDWdU5mSiKFkVtZK7j9ZrVRAe6yItWcLDbVoMc=": {
            "valueMac": {
              "type": "Buffer",
              "data": "BtvWnyR0YkF+HF1y5UQQFTAzN6Y+JyMQ4J0DdbGxVQU="
            }
          },
          "fXOe/vCjZ0R+HN2/D4/DP2Db5fkaQdovWBzcxwQnbT0=": {
            "valueMac": {
              "type": "Buffer",
              "data": "tooBGQn0dRreMg/0CHEytE+s1/Szlr61lcER/QntkSI="
            }
          },
          "f+9Ygpv8XO2dknrONwq60Msf+Y6cZuy3U+jqBU3z9OI=": {
            "valueMac": {
              "type": "Buffer",
              "data": "/ZV2zWFelPkv1DayfSJkglYwMnSvvU1kZk89N0vNpmQ="
            }
          },
          "gEvGuMLkUcamiE+PciBSvKX2/BONlniRpXuiJTyUcn4=": {
            "valueMac": {
              "type": "Buffer",
              "data": "hzlaeTxw28X7so1EVM5wyH0eUNBk+YoC/ZRBaVmb5bo="
            }
          },
          "gIKmjuvLeNJIlsONf5cmbVUPJ7kUcODn6yji/Hfivb0=": {
            "valueMac": {
              "type": "Buffer",
              "data": "lFBIOTvnt1qMMim+GUOmM57t1//juCGHqwKIO+xNmqM="
            }
          },
          "ghlV9G8Sz9YeQQIzuYyiawj2j/CATTHDSGY2rMcpvxU=": {
            "valueMac": {
              "type": "Buffer",
              "data": "WCWW2lUXrdtqvx0FMyviywCpKc+qNe1tFROIPbrW2AI="
            }
          },
          "hJyx19esfFXKYQD8yNv64crnhAVE2mi3pqlJ/t3yzPA=": {
            "valueMac": {
              "type": "Buffer",
              "data": "E3D6/4rjhRSKLJPuJLcNCA9lgOp1o2hMn6Io1kHyxQM="
            }
          },
          "hMIRrd5OTaRbfLspP8yzFt+b23HthkDSAGWNHqTFs0s=": {
            "valueMac": {
              "type": "Buffer",
              "data": "e2wvhCOek0m+uvz8A7RHcWtZsFsN5XreIryxaqjkpm0="
            }
          },
          "jwegpNDOix2CPwDywUGlNVGtuZ6Fc6GFyzhS6jmWCCg=": {
            "valueMac": {
              "type": "Buffer",
              "data": "mqectJyibz6FtfvqG6YQHru+n08+B3D85CbMsWaYX4I="
            }
          },
          "j/IjBmI3lsD99jhLX2p0l/R74lkSKq+PLY8SBmZ9c7w=": {
            "valueMac": {
              "type": "Buffer",
              "data": "MkLnRQ/WFaBpL9sEvdURE975MBQKLq4f/4w/xsbgvQo="
            }
          },
          "lPTqD/3RgNQbOvn7HEqgUQcg6KygkEequZF8RXfCEmw=": {
            "valueMac": {
              "type": "Buffer",
              "data": "fYwsguoSorVbGMJR9g5XCI9S5CHHCTKyjmgzNJ+ghtM="
            }
          },
          "mSXp02lDws+aTKz9pccB582LjkmmiFgGNkhmoPu7O68=": {
            "valueMac": {
              "type": "Buffer",
              "data": "G3Cd9reO+vVAOKQlgJCKtKq/ev17e30cKLix/reJ+BU="
            }
          },
          "notltMWTtRhs2oE4SXEvTg62YrfGwDZDpiP5ttB/1kU=": {
            "valueMac": {
              "type": "Buffer",
              "data": "+n2Uhx2wvvirOgnkxs258wejo1vvcabQbQBLhM/LWbU="
            }
          },
          "n4BaYg6Iak+Vn8qGv+ZCLLx/oTLfQFgUHg2EIvadBLw=": {
            "valueMac": {
              "type": "Buffer",
              "data": "imRqTZnh/nEl71sIzA8jk/Y75kD3dvivMKjAsuUTsVU="
            }
          },
          "og65kzRBEduxY0Aws5Y61FWNwh9TbROTqLhkDTAVfgo=": {
            "valueMac": {
              "type": "Buffer",
              "data": "sWBqu9LvMxLezsTohs3EBucxNCd+KUpVxfCYYXsHT0E="
            }
          },
          "o/pjUXsaPgxILOY5LK4KZkRcIHL2uyuQEh3Lw53kjjY=": {
            "valueMac": {
              "type": "Buffer",
              "data": "nZzVFAtP2vjAnq2SiJblloCurc1lTRuh6L6ZU1XJm4g="
            }
          },
          "qCJ3a3uTvL2N1qvHyJBJRF1C6/iYRs4xmFYGF3BOqic=": {
            "valueMac": {
              "type": "Buffer",
              "data": "GUrpwB3mBwE9tpqe71Y23ExfoP09ec7GuNZEgKXhBMQ="
            }
          },
          "sgXYitSmdfGWQT01WQqMsrG3kcf52Fe4Wnsg7YD9Xzw=": {
            "valueMac": {
              "type": "Buffer",
              "data": "rzduUKe9YUfs6Wd0Q63dQo9xtvmw4Bv/mbGQCrBQOGc="
            }
          },
          "s3VQAGbWPcOyPeIFIBPgMLDgCtefST2bftcb5wOoKQU=": {
            "valueMac": {
              "type": "Buffer",
              "data": "pyySxEqg5Lg+Fr9gKqPMT2C5xneIrSwRHFG2WaAHKTs="
            }
          },
          "u9N7jC/HZOh/SgZu1zwma6bynF1FCjr0bCJBKTbSmVE=": {
            "valueMac": {
              "type": "Buffer",
              "data": "EaVBkG4dwAFm9/OjyWd5ltzkswe6TLWCThoE8OiYijE="
            }
          },
          "vO+gDMcIRbNNwB7XqDJ/x04+gcdvNkE6NJnoM0ljnEU=": {
            "valueMac": {
              "type": "Buffer",
              "data": "VQE7jklvDwqkiaMchF16t/U6q0ElW+aKWoaGytPyGu4="
            }
          },
          "xNpn7bj48i5FWIAfEJ/Bi0afYlV3bjQ/ODXqqfboEhs=": {
            "valueMac": {
              "type": "Buffer",
              "data": "klspgm3LvWhvhjCaog9IiVWzZiBlA2hxFf+C/canszk="
            }
          },
          "xUpAB1EWvT1cZP5UMDGCPxLs5YiVT41ivVOHBoRqICI=": {
            "valueMac": {
              "type": "Buffer",
              "data": "/QO8MxbXltk1Uze4Ks+YSGxCqHFwZWoC3nHIaO+KR3E="
            }
          },
          "x65W9WhOSuXM+0yzZJys3M7ozO/V1u+Qj1erwSoems4=": {
            "valueMac": {
              "type": "Buffer",
              "data": "tJ90Nbdp668ExrUdLVkOc1Bo++Dn1N1SxQRuhVBsMB4="
            }
          },
          "yJC5OPkDleuPk9LV/TZ/5nvRAWz204ZK63oD+Dq5W6A=": {
            "valueMac": {
              "type": "Buffer",
              "data": "vM9aK0CtBmEamVb/AuvIwudJt756N/BTqc3axyMUq+E="
            }
          },
          "1K/1aZMhOORqidgBMxFgsUa3qDTEJ+LG2XGJnAtku8U=": {
            "valueMac": {
              "type": "Buffer",
              "data": "oIr86MyGXJZGL4Otq85n5RRa/skmn2XWJ5vwPNVo5pg="
            }
          },
          "2h5PQAMb3FzYMqrfCPzH1FS3pQKg0U4JWUNUzDDKRmc=": {
            "valueMac": {
              "type": "Buffer",
              "data": "gtQ4Ety3n1zJC79bD0Tme3I64EiiSg3MS3nNTwvRduk="
            }
          },
          "46tnHUVwQP5H9NdfLMHJUnh6x7AggGYkmmd+Q0iGWns=": {
            "valueMac": {
              "type": "Buffer",
              "data": "PWoKIdOYYECc/yYV+ybfC/5vkir+D5tJQyCn+PoIuhA="
            }
          },
          "4/yWvgcOLgxzCeACNd5MQjqZmZ1vX3O7b4hZ8GUa/hs=": {
            "valueMac": {
              "type": "Buffer",
              "data": "32HKPwssz7ZNgEayoivetZsDJtwnXb1ZwdXSAPyT6RQ="
            }
          },
          "8t7nb1jrvLsxlvPB71Eb3Ban0u2M+yuAAFf7oHh4ChM=": {
            "valueMac": {
              "type": "Buffer",
              "data": "SxByN5WtZYamuolAtHe+z0dZnpxYO+uovaWpza5kJDE="
            }
          },
          "89H7PMcJqlPPKH3VuN3JPT7d7IF9h+voN3ZV7sgSl6g=": {
            "valueMac": {
              "type": "Buffer",
              "data": "aAh4T26L/v+QS0boOSMDr4nIgnQkwPAGUT/CWtq9MX8="
            }
          },
          "9LQlpkCk0rFor2Ge9zfS14eVWhtLFePu1BlSm3B/wVk=": {
            "valueMac": {
              "type": "Buffer",
              "data": "0US4KLufOU2jXaKXF2vPUAjhQZCghgDh1jzhbNW7S90="
            }
          },
          "9vmUmdJaRzZi1cm9Y7YtX/GmeHZavscyoT4QLc9UfQs=": {
            "valueMac": {
              "type": "Buffer",
              "data": "3DUXMYBBZTj5e/4ja02QyAXA3BTl2MsCrCvuunUupmo="
            }
          },
          "+B9txDf4n/u5o9T/7G25sa6Nnii2OfTfQHNR7Jv23r4=": {
            "valueMac": {
              "type": "Buffer",
              "data": "a/aFmjulGlT1+WL1p+BgcyX0vqvXfZd7J+8UeSgYTB4="
            }
          },
          "tl8M3Fpd64jY+44e2YIq4L8nCkcDgMadO1z1GHlbiC4=": {
            "valueMac": {
              "type": "Buffer",
              "data": "GvxTB6gfyJ8pWNyfksfeFcQ/DFdtC8WD85J6qUgjRbU="
            }
          },
          "Vr3yRCFK1xjACxMjMec/MVQoUI//XMNtJrcd7Z/cp/4=": {
            "valueMac": {
              "type": "Buffer",
              "data": "E9fnV+1lHe+MSXCqO/+9X705vrv7l603/Ceskg5HGf0="
            }
          },
          "wvEmOk1SjTAGdtb3qjJG3nUCZfTR3usNAJhsN4T9kV0=": {
            "valueMac": {
              "type": "Buffer",
              "data": "LOLiXsxkSRAO6UE5UhBpVNvJ3mc9Rc8i7XeXs0Q8YsU="
            }
          },
          "0HnCZhxKuzr8K8PGlRG87vC2DDr/cnL6XIbWHNIXU3Q=": {
            "valueMac": {
              "type": "Buffer",
              "data": "l2axWJdM0WSbuB23phNdw89OgpWQGuW5YP0BpUMstek="
            }
          }
        }
      },
      "regular": {
        "version": 7,
        "hash": {
          "type": "Buffer",
          "data": "Eagvsj5rnHP6FSdPXKFlkq+iFDBe8m4sQeZBwxPGgC7NoOThlwSwH7u4RMpWGTXTEKNO+39asoWa0fIKf24UIqeidQ9qe51yNfaaA8DIiRoku73DeeJiPbLZRxsCJvrjINZrvxF0vmRfGdw2dI18+dlR9Rmqk8GkiC/4/JWEgck="
        },
        "indexValueMap": {
          "4st6MoWfcKvqXb3iLN6ossxXdTDx9fxKrjj+FP0LnjE=": {
            "valueMac": {
              "type": "Buffer",
              "data": "vNZCnA/Ky44/ErPw7ebuO3Ubz9TDK5Gjkj877L+Cpfw="
            }
          },
          "KJ4xITeqGO+KtOiEUHnPzIAjADiNursRnQx/Om2jW9M=": {
            "valueMac": {
              "type": "Buffer",
              "data": "9u1Mv0IQCfduXhWrzc1voAW0sVULMBOtmj4HJtaE9ZQ="
            }
          }
        }
      }
    },
    "senderKeys": {
      "status@broadcast::6282396572771::0": [
        {
          "senderKeyId": 1801968899,
          "senderChainKey": {
            "iteration": 0,
            "seed": "zyzRzzWofxwZRO8U4aoHCHwX7r1FFZN50ATKSKo5L8g="
          },
          "senderSigningKey": {
            "public": "BRa6CDI4wYuFbVPFha/2RLy/wp46ZZk6SuPSB+fDaGMM"
          }
        }
      ],
      "6282187740472-1632475248@g.us::6281311851903:12::0": [
        {
          "senderKeyId": 664930230,
          "senderChainKey": {
            "iteration": 10,
            "seed": "2Z3i/hyTm6GBDV5JwM8VX2KVsqMPrLyNcr2RevyO/lU="
          },
          "senderSigningKey": {
            "public": "BWF2eKowut0NgzoHPOSrGdhoOXD3Y1CKvwVLOSBOLFRg",
            "private": "mPZC89dddb+Z7/a7VMOH/ZzFRYWwSeIKFHD2CAYsXXc="
          },
          "senderMessageKeys": []
        }
      ]
    },
    "senderKeyMemory": {
      "6282187740472-1632475248@g.us": {
        "6281311851903@s.whatsapp.net": true,
        "6281311851903:5@s.whatsapp.net": true,
        "6281311851903:10@s.whatsapp.net": true,
        "6282347552958@s.whatsapp.net": true,
        "6282347552958:12@s.whatsapp.net": true,
        "6282347552958:13@s.whatsapp.net": true,
        "6282347552958:14@s.whatsapp.net": true,
        "6282347552958:15@s.whatsapp.net": true
      }
    }
  }
}